username,password
caregiver1,carepass1
caregiver2,carepass2
caregiver3,carepass3
caregiver4,carepass4
caregiver5,carepass5
caregiver6,carepass6
caregiver7,carepass7
caregiver8,carepass8
caregiver9,carepass9
caregiver10,carepass10
caregiver11,carepass11
caregiver12,carepass12
caregiver13,carepass13
caregiver14,carepass14
caregiver15,carepass15
caregiver16,carepass16
caregiver17,carepass17
caregiver18,carepass18
caregiver19,carepass19
caregiver20,carepass20
caregiver21,carepass21
caregiver22,carepass22
caregiver23,carepass23
caregiver24,carepass24
caregiver25,carepass25
caregiver26,carepass26
caregiver27,carepass27
caregiver28,carepass28
caregiver29,carepass29
caregiver30,carepass30
caregiver31,carepass31
caregiver32,carepass32
caregiver33,carepass33
caregiver34,carepass34
caregiver35,carepass35
caregiver36,carepass36
caregiver37,carepass37
caregiver38,carepass38
caregiver39,carepass39
caregiver40,carepass40
caregiver41,carepass41
caregiver42,carepass42
caregiver43,carepass43
caregiver44,carepass44
caregiver45,carepass45
caregiver46,carepass46
caregiver47,carepass47
caregiver48,carepass48
caregiver49,carepass49
caregiver50,carepass50
caregiver51,carepass51
caregiver52,carepass52
caregiver53,carepass53
caregiver54,carepass54
caregiver55,carepass55
caregiver56,carepass56
caregiver57,carepass57
caregiver58,carepass58
caregiver59,carepass59
caregiver60,carepass60
caregiver61,carepass61
caregiver62,carepass62
caregiver63,carepass63
caregiver64,carepass64
caregiver65,carepass65
caregiver66,carepass66
caregiver67,carepass67
caregiver68,carepass68
caregiver69,carepass69
caregiver70,carepass70
caregiver71,carepass71
caregiver72,carepass72
caregiver73,carepass73
caregiver74,carepass74
caregiver75,carepass75
caregiver76,carepass76
caregiver77,carepass77
caregiver78,carepass78
caregiver79,carepass79
caregiver80,carepass80
caregiver81,carepass81
caregiver82,carepass82
caregiver83,carepass83
caregiver84,carepass84
caregiver85,carepass85
caregiver86,carepass86
caregiver87,carepass87
caregiver88,carepass88
caregiver89,carepass89
caregiver90,carepass90
caregiver91,carepass91
caregiver92,carepass92
caregiver93,carepass93
caregiver94,carepass94
caregiver95,carepass95
caregiver96,carepass96
caregiver97,carepass97
caregiver98,carepass98
caregiver99,carepass99
caregiver100,carepass100
